<releaseinfo>{revnumber}</releaseinfo>
<productname>Spring Security Kerberos</productname>
<authorgroup>
  <author>
    <firstname>Janne</firstname>
    <surname>Valkealahti</surname>
    <affiliation>Pivotal</affiliation>
  </author>
</authorgroup>

<copyright>
  <year>2015</year>
  <holder>Pivotal Software, Inc.</holder>
</copyright>

<legalnotice>
  <para>Copies of this document may be made for your own use and for
  distribution to others, provided that you do not charge any fee for such
  copies and further provided that each copy contains this Copyright
  Notice, whether distributed in print or electronically.</para>
</legalnotice>

