{
  "name": "gildorwang-moment-precise-range",
  "version": "1.0.0",
  "homepage": "https://github.com/gildorwang/moment-precise-range",
  "authors": [
    "Gildor <gildorwang@gmail.com>"
  ],
  "description": "This is a plugin for the moment.js JavaScript library, to display date/time ranges precisely, in a human-readable format.",
  "main": "readable-range.js",
  "keywords": [
    "moment-precise-range"
  ],
  "license": "MIT",
  "ignore": [
    "**/.*",
    "node_modules",
    "bower_components",
    "test",
    "tests",
    "readable-range-test.js"
  ],
  "_release": "1.0.0",
  "_resolution": {
    "type": "version",
    "tag": "v1.0.0",
    "commit": "b4721d125e465b76d6f429b36aa65d6346fc04b4"
  },
  "_source": "git://github.com/gildorwang/moment-precise-range.git",
  "_target": "1.0.0",
  "_originalSource": "gildorwang-moment-precise-range"
}