<?xml version="1.0" encoding="UTF-8"?>
<beans xmlns="http://www.springframework.org/schema/beans"
       xmlns:xsi="http://www.w3.org/2001/XMLSchema-instance" xmlns:tx="http://www.springframework.org/schema/tx"
       xmlns:aop="http://www.springframework.org/schema/aop"
       xsi:schemaLocation="http://www.springframework.org/schema/beans
			http://www.springframework.org/schema/beans/spring-beans-3.0.xsd http://www.springframework.org/schema/tx http://www.springframework.org/schema/tx/spring-tx-2.5.xsd http://www.springframework.org/schema/aop http://www.springframework.org/schema/aop/spring-aop-2.0.xsd">

    <!--aop-->
    <aop:config>
        <aop:advisor advice-ref="applicationAdvisor" pointcut="execution(* cc.wdcy.service.*.*(..))"/>
    </aop:config>

    <!--advisor-->
    <tx:advice id="applicationAdvisor" transaction-manager="transactionManager">
        <tx:attributes>
            <tx:method name="*" propagation="REQUIRED"/>
            <tx:method name="load*" propagation="SUPPORTS" read-only="true"/>
        </tx:attributes>
    </tx:advice>

</beans>